;CCAA;TOTAL_PRUEBAS
80;Andalucia;372118
81;Aragon;70068
82;Asturias;133771
83;Baleares;98619
84;Canarias;135259
85;Cantabria;55064
86;Castilla y Leon;351585
87;Castilla La Mancha;180921
88;Cataluña;430243
89;Ceuta;6418
90;Madrid;588735
91;Valencia;278579
92;País Vasco;281473
93;Extremadura;70863
94;Galicia;284899
95;La Rioja;47317
96;Melilla;5878
97;Murcia;73161
98;Navarra;91596
99;España;3556567
