;total_fallecidos;total_casos;total_altas;CCAA;Total Poblacion;TOTAL_PRUEBAS;total_fallecidosx100m;total_casosx100m;total_altasx100m;TOTAL_PRUEBASx100m;total_fallecidos_ref;total_casos_ref;total_casos_fallecidos_ref
0;1391,0;16546,0;10671,0;Andalucia;8392537,0;372118;16,0;197,0;127,0;4433,0;0,0166;0,1972;8,4069
1;858,0;7339,0;3772,0;Aragon;1328759,0;70068;64,0;552,0;283,0;5273,0;0,0646;0,5523;11,691
2;308,0;3359,0;1063,0;Asturias;1054408,0;133771;29,0;318,0;100,0;12686,0;0,0292;0,3186;9,1694
3;222,0;2131,0;1533,0;Baleares;1121739,0;98619;19,0;189,0;136,0;8791,0;0,0198;0,19;10,4176
4;157,0;2307,0;1537,0;Canarias;2120535,0;135259;7,0;108,0;72,0;6378,0;0,0074;0,1088;6,8054
5;209,0;2798,0;2287,0;Cantabria;586395,0;55064;35,0;477,0;390,0;9390,0;0,0356;0,4772;7,4696
6;2940,0;25423,0;6392,0;Castilla La Mancha;2067191,0;180921;142,0;1229,0;309,0;8752,0;0,1422;1,2298;11,5643
7;1961,0;24918,0;8716,0;Castilla y Leon;2484931,0;351585;78,0;1002,0;350,0;14148,0;0,0789;1,0028;7,8698
8;6701,0;57531,0;26203,0;Cataluña;7400684,0;430243;90,0;777,0;354,0;5813,0;0,0905;0,7774;11,6476
9;4,0;178,0;163,0;Ceuta;84618,0;6418;4,0;210,0;192,0;7584,0;0,0047;0,2104;2,2472
10;506,0;4043,0;2652,0;Extremadura;1093587,0;70863;46,0;369,0;242,0;6479,0;0,0463;0,3697;12,5155
11;613,0;11103,0;9204,0;Galicia;2739229,0;284899;22,0;405,0;336,0;10400,0;0,0224;0,4053;5,521
12;358,0;5428,0;3107,0;La Rioja;314062,0;47317;113,0;1728,0;989,0;15066,0;0,114;1,7283;6,5954
13;8977,0;72342,0;40736,0;Madrid;6376610,0;588735;140,0;1134,0;638,0;9232,0;0,1408;1,1345;12,4091
14;2,0;134,0;125,0;Melilla;83685,0;5878;2,0;160,0;149,0;7023,0;0,0024;0,1601;1,4925
15;149,0;2609,0;2180,0;Murcia;1463797,0;73161;10,0;178,0;148,0;4998,0;0,0102;0,1782;5,711
16;509,0;8352,0;3905,0;Navarra;636024,0;91596;80,0;1313,0;613,0;14401,0;0,08;1,3132;6,0943
17;1494,0;18779,0;16160,0;País Vasco;2166044,0;281473;68,0;866,0;746,0;12994,0;0,069;0,867;7,9557
18;1393,0;14797,0;9970,0;Valencia;4949219,0;278579;28,0;298,0;201,0;5628,0;0,0281;0,299;9,4141
19;28752,0;280117,0;150376,0;España;46464054,0;3556567;61,0;602,0;323,0;7654,0;0,0619;0,6029;10,2643
